norm_name,conference
alex soto,DevBcn 2026
abdel sghiouar,DevBcn 2026
adrian pasten,DevBcn 2026
alexander chatzizacharias,DevBcn 2026
ana maria mihalceanu,DevBcn 2026
andrei tazetdinov,DevBcn 2026
andrew madson,DevBcn 2026
andy igdal,DevBcn 2026
anemari fiser,DevBcn 2026
annelore egger,DevBcn 2026
archie sharma,DevBcn 2026
arnau gomez farell,DevBcn 2026
asier zapata,DevBcn 2026
ben evans,DevBcn 2026
brian vermeer,DevBcn 2026
bruno souza,DevBcn 2026
carles nunez,DevBcn 2026
carmen laura delgado perez,DevBcn 2026
cedric clyburn,DevBcn 2026
dani coll,DevBcn 2026
david pilato,DevBcn 2026
david vonthenen,DevBcn 2026
dennis schulz,DevBcn 2026
diego rodriguez varela,DevBcn 2026
francois martin,DevBcn 2026
gerard paris,DevBcn 2026
gytenis mikulenas,DevBcn 2026
hugh evans,DevBcn 2026
jordi serra gonzalez,DevBcn 2026
jose enrique calderon sanz,DevBcn 2026
josef rosel,DevBcn 2026
josian chevalier,DevBcn 2026
julian burr,DevBcn 2026
julien topcu,DevBcn 2026
kai nitsch,DevBcn 2026
kellyn gorman,DevBcn 2026
kevin dubois,DevBcn 2026
luis fraile,DevBcn 2026
mauricio salaboy salatino,DevBcn 2026
mauro gioberti,DevBcn 2026
mauro morales,DevBcn 2026
olena kutsenko,DevBcn 2026
olivier leplus,DevBcn 2026
paolo ricciuti,DevBcn 2026
rachid zarouali,DevBcn 2026
roger coll,DevBcn 2026
salih guler,DevBcn 2026
scott gerring,DevBcn 2026
serge harb,DevBcn 2026
sergi almar,DevBcn 2026
sofia lescano carroll,DevBcn 2026
sofia santos,DevBcn 2026
steve poole,DevBcn 2026
suzanne daniels,DevBcn 2026
thomas hugle,DevBcn 2026
tiffany souterre,DevBcn 2026
toni noguera,DevBcn 2026
victor rentea,DevBcn 2026
will fleury,DevBcn 2026
wladimir szczerban,DevBcn 2026
wout werkman,DevBcn 2026
gojko adzic,Devoxx Poland 2026
usman ahmad,Devoxx Poland 2026
mete atamel,Devoxx Poland 2026
paul bakker,Devoxx Poland 2026
tim berglund,Devoxx Poland 2026
james birnie,Devoxx Poland 2026
simon brown,Devoxx Poland 2026
piotr ceranek,Devoxx Poland 2026
alexander chatzizacharias,Devoxx Poland 2026
josian chevalier,Devoxx Poland 2026
orysia chuda rakowska,Devoxx Poland 2026
holly cummins,Devoxx Poland 2026
bartosz cytrowski,Devoxx Poland 2026
tomasz ducin,Devoxx Poland 2026
pavol dudrik,Devoxx Poland 2026
tevfik ekici,Devoxx Poland 2026
zahra fakoor harehdasht,Devoxx Poland 2026
allison farris,Devoxx Poland 2026
artem fast,Devoxx Poland 2026
mary fesenko,Devoxx Poland 2026
pasha finkelshteyn,Devoxx Poland 2026
micha furdyna,Devoxx Poland 2026
mario fusco,Devoxx Poland 2026
jakub gajski,Devoxx Poland 2026
willem jan glerum,Devoxx Poland 2026
micha gniadek,Devoxx Poland 2026
serges goma,Devoxx Poland 2026
gerrit grunwald,Devoxx Poland 2026
misko hevery,Devoxx Poland 2026
sander hoogendoorn,Devoxx Poland 2026
dotan horovits,Devoxx Poland 2026
wei hu,Devoxx Poland 2026
johan hutting,Devoxx Poland 2026
mackenzie jackson,Devoxx Poland 2026
szymon janikowski,Devoxx Poland 2026
arnaud jean,Devoxx Poland 2026
katarzyna jurczak,Devoxx Poland 2026
agata kabat,Devoxx Poland 2026
heinz kabutz,Devoxx Poland 2026
radek kargul,Devoxx Poland 2026
joseph katsioloudes,Devoxx Poland 2026
soroosh khodami,Devoxx Poland 2026
adam krol,Devoxx Poland 2026
mateusz kulewicz,Devoxx Poland 2026
mateusz kwasniewski,Devoxx Poland 2026
guillaume laforge,Devoxx Poland 2026
piotr askawiec,Devoxx Poland 2026
agnieszka lasyk,Devoxx Poland 2026
emilia lendzion barszcz,Devoxx Poland 2026
katarzyna leszczynska bohdan,Devoxx Poland 2026
james lewis,Devoxx Poland 2026
oleg lobanov,Devoxx Poland 2026
andrzej ludwikowski,Devoxx Poland 2026
grzegorz yczba,Devoxx Poland 2026
sohan maheshwar,Devoxx Poland 2026
artem makarov,Devoxx Poland 2026
sebastian malaca,Devoxx Poland 2026
tomasz manugiewicz,Devoxx Poland 2026
simon maple,Devoxx Poland 2026
jacek marmuszewski,Devoxx Poland 2026
jan mazurek,Devoxx Poland 2026
natalia miko ajek,Devoxx Poland 2026
jacek milewski,Devoxx Poland 2026
gunnar morling,Devoxx Poland 2026
nicolai parlog,Devoxx Poland 2026
dawid perdek,Devoxx Poland 2026
sven peters,Devoxx Poland 2026
pawel piwosz,Devoxx Poland 2026
micha poczwardowski,Devoxx Poland 2026
krzysiek przekwas,Devoxx Poland 2026
piotr przyby,Devoxx Poland 2026
daniel raniz raneland,Devoxx Poland 2026
balkrishna rawool,Devoxx Poland 2026
simon ritter,Devoxx Poland 2026
abdellfetah sghiouar,Devoxx Poland 2026
grzegorz sztandera,Devoxx Poland 2026
muhammed salih guler,Devoxx Poland 2026
marcin samsonowski,Devoxx Poland 2026
christian schabetsberger,Devoxx Poland 2026
sven sellen,Devoxx Poland 2026
tomasz skowronski,Devoxx Poland 2026
piotr sliwa,Devoxx Poland 2026
szymon so tys,Devoxx Poland 2026
anna spysz,Devoxx Poland 2026
malgorzata stanibula,Devoxx Poland 2026
martin stefanko,Devoxx Poland 2026
maciej strzelczyk,Devoxx Poland 2026
venkat subramaniam,Devoxx Poland 2026
pawe szlendak szlendi,Devoxx Poland 2026
ryszard szwajlik,Devoxx Poland 2026
sho tanaka,Devoxx Poland 2026
diana todea,Devoxx Poland 2026
julien topcu,Devoxx Poland 2026
alexandre touret,Devoxx Poland 2026
adam warski,Devoxx Poland 2026
artur wojnar,Devoxx Poland 2026
mike wojtyna,Devoxx Poland 2026
alina yurenko,Devoxx Poland 2026
sylwia zabielska,Devoxx Poland 2026
pawe zem a,Devoxx Poland 2026
ihor zhuravlov,Devoxx Poland 2026
adam bien,Devoxx Poland 2026
simone de gijt,Devoxx Poland 2026
guus de wit,Devoxx Poland 2026
hinse ter schuur,Devoxx Poland 2026
paco van beckhoven,Devoxx Poland 2026
marit van dijk,Devoxx Poland 2026
david vonthenen,Devoxx Poland 2026
adam urban,DevTalks 2026
adina panduru,DevTalks 2026
adina rusu,DevTalks 2026
adnan olmez,DevTalks 2026
adrian postelnicu,DevTalks 2026
aleodor tabarcea,DevTalks 2026
alex lakatos,DevTalks 2026
alexander gunsche,DevTalks 2026
alexandra badea,DevTalks 2026
alexandru cozma,DevTalks 2026
alexandru dejanu,DevTalks 2026
alexandru gheara,DevTalks 2026
alexandru gheorghe,DevTalks 2026
alexandru oancea,DevTalks 2026
alexandru catalin dinis,DevTalks 2026
ana maria masoud,DevTalks 2026
anca grigoras,DevTalks 2026
anca luca,DevTalks 2026
anda spataru,DevTalks 2026
anders lybecker,DevTalks 2026
andreea dragomirescu,DevTalks 2026
andreea gulie,DevTalks 2026
andreea loredana boghiu,DevTalks 2026
andreea nate,DevTalks 2026
andreea elena bodea,DevTalks 2026
andrei ilie,DevTalks 2026
andrei stanca,DevTalks 2026
andrei timofticiuc,DevTalks 2026
bar s sar alioglu,DevTalks 2026
bianca bardas,DevTalks 2026
bogdan agache,DevTalks 2026
bogdan burtea,DevTalks 2026
bogdan cioc,DevTalks 2026
bogdan neacsu,DevTalks 2026
bogdan popescu,DevTalks 2026
bogdan stelea,DevTalks 2026
brian vermeer,DevTalks 2026
catalin gheorghiu,DevTalks 2026
chris armstrong,DevTalks 2026
clara popescu brooks,DevTalks 2026
claudiu gura,DevTalks 2026
consultantu cristi,DevTalks 2026
corina patachia,DevTalks 2026
corina stanescu,DevTalks 2026
cosmin argatu,DevTalks 2026
cosmin trandafir,DevTalks 2026
cristian cordos,DevTalks 2026
cristina barbu,DevTalks 2026
cristina gurguta,DevTalks 2026
dan berbece,DevTalks 2026
dan mihailescu,DevTalks 2026
dan patrascu baba,DevTalks 2026
dan mihai dinu,DevTalks 2026
daniel costea,DevTalks 2026
daniel fifiita,DevTalks 2026
daniel manolache,DevTalks 2026
daniela prodan,DevTalks 2026
danny preussler,DevTalks 2026
diana rusu,DevTalks 2026
dinu stefan rusu,DevTalks 2026
dmytro tereshchenko,DevTalks 2026
donny wals,DevTalks 2026
dovile gray,DevTalks 2026
dr giulia r tufaro,DevTalks 2026
elena hartup,DevTalks 2026
emanuele bartolesi,DevTalks 2026
erik wilde,DevTalks 2026
erika dietrick,DevTalks 2026
etienne bernard,DevTalks 2026
evelin bratu,DevTalks 2026
fabiola cazan,DevTalks 2026
florentina saizu,DevTalks 2026
florin soare,DevTalks 2026
gabriel preda,DevTalks 2026
gabriela pepino,DevTalks 2026
gabriela rosca,DevTalks 2026
georg dresler,DevTalks 2026
george barbulescu,DevTalks 2026
george patrascan,DevTalks 2026
georgeana trofim,DevTalks 2026
gerard van engelen,DevTalks 2026
gia ciorabai,DevTalks 2026
haim michael,DevTalks 2026
hakan meva,DevTalks 2026
hakan turkmenoglu,DevTalks 2026
henning schwentner,DevTalks 2026
horia niculescu,DevTalks 2026
iman zarrabian,DevTalks 2026
ioana chiorean,DevTalks 2026
iustin dinca,DevTalks 2026
jeff watkins,DevTalks 2026
jonathan filogna,DevTalks 2026
joseph katsioloudes,DevTalks 2026
kevin dubois,DevTalks 2026
krisztian papp,DevTalks 2026
laura trotta,DevTalks 2026
laurentiu spilca,DevTalks 2026
leena liukkonen,DevTalks 2026
leonard alexandru,DevTalks 2026
loredana ninov,DevTalks 2026
lucian popovici,DevTalks 2026
luiza cicone,DevTalks 2026
lukas samuolis,DevTalks 2026
marc nuri,DevTalks 2026
marian andrei,DevTalks 2026
marius costin,DevTalks 2026
marius cristea,DevTalks 2026
matei misarca,DevTalks 2026
mesut durukal,DevTalks 2026
mey beisaron,DevTalks 2026
mihaela gheorghe roman,DevTalks 2026
mihaela maciuca,DevTalks 2026
mihaela nica,DevTalks 2026
mihaela niculae,DevTalks 2026
mike dolha,DevTalks 2026
mike elsmore,DevTalks 2026
mikko paloheimo,DevTalks 2026
mircea talu,DevTalks 2026
mohamed gamal,DevTalks 2026
natalie godec,DevTalks 2026
nick ciolpan,DevTalks 2026
nico martin,DevTalks 2026
nicole mcwilliams,DevTalks 2026
nicoleta tirdea,DevTalks 2026
niels rogge,DevTalks 2026
omer adiguzel,DevTalks 2026
otto fischer,DevTalks 2026
ovidiu hupca,DevTalks 2026
ovidiu popeti,DevTalks 2026
patrick kua,DevTalks 2026
paul ardeleanu,DevTalks 2026
paula andrei,DevTalks 2026
pekka ponkanen,DevTalks 2026
petar ivaylov ivanov,DevTalks 2026
peter szanto,DevTalks 2026
piotr wicherski,DevTalks 2026
radu andries libotean,DevTalks 2026
radu stefan,DevTalks 2026
radu vunvulea,DevTalks 2026
rail mazgutov,DevTalks 2026
raluca minea,DevTalks 2026
raluca negrea,DevTalks 2026
rodica farcas,DevTalks 2026
roxana mitu,DevTalks 2026
sandra ahlgrimm,DevTalks 2026
sargis sargsyan,DevTalks 2026
silviu tudor serban,DevTalks 2026
simona cabuz,DevTalks 2026
simona sandru,DevTalks 2026
sorin mihailescu,DevTalks 2026
stefan mihai,DevTalks 2026
steliana moraru,DevTalks 2026
sushant rewaskar,DevTalks 2026
teodora musatoiu,DevTalks 2026
thomas mons,DevTalks 2026
tiberiu anghel,DevTalks 2026
tiberius hodoroaba,DevTalks 2026
timo salm,DevTalks 2026
tom colvin,DevTalks 2026
tomasz fiechowski,DevTalks 2026
victor rentea,DevTalks 2026
vlad laslau,DevTalks 2026
vlad puescu,DevTalks 2026
vlad valentin,DevTalks 2026
winston liu,DevTalks 2026
maik kingma,J-Spring 2026
venkateshwaran kumarasamy,J-Spring 2026
piet van dongen,J-Spring 2026
sven peters,J-Spring 2026
ario afrashteh,J-Spring 2026
hinse ter schuur,J-Spring 2026
steve poole,J-Spring 2026
viktor gamov,J-Spring 2026
alejandro serrano mena,J-Spring 2026
jago de vreede,J-Spring 2026
james ward,J-Spring 2026
marit van dijk,J-Spring 2026
bruno souza,J-Spring 2026
baruch sadogursky,J-Spring 2026
susanne pieterse,J-Spring 2026
lucia conde moreno,J-Spring 2026
michael cote,J-Spring 2026
ana maria mihalceanu,J-Spring 2026
pasha finkelshteyn,J-Spring 2026
catherine edelveis,J-Spring 2026
soroosh khodami,J-Spring 2026
michael hompus,J-Spring 2026
josh long,J-Spring 2026
bouke nijhuis,J-Spring 2026
andrei shakirin,J-Spring 2026
guus de wit,J-Spring 2026
marc buma,J-Spring 2026
willem meints,J-Spring 2026
elena van engelen,J-Spring 2026
balkrishna rawool,J-Spring 2026
holly cummins,J-Spring 2026
ties van de ven,J-Spring 2026
daniel garnier moiroux,J-Spring 2026
tom cools,J-Spring 2026
nicolai parlog,J-Spring 2026
rustam mehmandarov,J-Spring 2026
gerrit grunwald,jPrime 2026
milen dyankov,jPrime 2026
victor rentea,jPrime 2026
roberto cortez,jPrime 2026
ioannis kolaxis,jPrime 2026
jonathan vila lopez,jPrime 2026
venkat subramaniam,jPrime 2026
marit van dijk,jPrime 2026
stefan angelov,jPrime 2026
ivan yonkov,jPrime 2026
cay horstmann,jPrime 2026
piotr przyby,jPrime 2026
johannes bechberger,jPrime 2026
hinse ter schuur,jPrime 2026
christian heitzmann,jPrime 2026
willem jan glerum,jPrime 2026
marcin chrost,jPrime 2026
vadym kazulkin,jPrime 2026
emanuel trandafir,jPrime 2026
arnaud jean,jPrime 2026
panche chavkovski,jPrime 2026
kristiyan stoyanov,jPrime 2026
lyubomir bozhinov,jPrime 2026
viktoriya kutsarova,jPrime 2026
kevin dubois,jPrime 2026
jordan jovkov,jPrime 2026
francois martin,jPrime 2026
thanos stratikopoulos,jPrime 2026
sergi almar,jPrime 2026
nayden gochev,jPrime 2026
alain vagner,Voxxed Days Luxembourg 2026
alexei bratuhin,Voxxed Days Luxembourg 2026
andrei shakirin,Voxxed Days Luxembourg 2026
annabelle buffart,Voxxed Days Luxembourg 2026
annelore egger,Voxxed Days Luxembourg 2026
anouk ruiz,Voxxed Days Luxembourg 2026
antoine thomas,Voxxed Days Luxembourg 2026
arnaud cormier,Voxxed Days Luxembourg 2026
aurelien coget,Voxxed Days Luxembourg 2026
badr kacimi,Voxxed Days Luxembourg 2026
baruch sadogursky,Voxxed Days Luxembourg 2026
benjamin parmentier,Voxxed Days Luxembourg 2026
camille nigon,Voxxed Days Luxembourg 2026
christian heitzmann,Voxxed Days Luxembourg 2026
christopher cacciatore,Voxxed Days Luxembourg 2026
clement hurlin,Voxxed Days Luxembourg 2026
dominique righetto,Voxxed Days Luxembourg 2026
dominique nauroy,Voxxed Days Luxembourg 2026
elise souvannavong,Voxxed Days Luxembourg 2026
esteban soubiran,Voxxed Days Luxembourg 2026
evangelista tragni,Voxxed Days Luxembourg 2026
evelien schellekens,Voxxed Days Luxembourg 2026
fabrice croiseaux,Voxxed Days Luxembourg 2026
francois martin,Voxxed Days Luxembourg 2026
giorgi dalakishvili,Voxxed Days Luxembourg 2026
giovanna monti,Voxxed Days Luxembourg 2026
guillaume lours,Voxxed Days Luxembourg 2026
helder araujo carneiro,Voxxed Days Luxembourg 2026
hussein loubani,Voxxed Days Luxembourg 2026
ines panker,Voxxed Days Luxembourg 2026
ivan ponomarev,Voxxed Days Luxembourg 2026
jens knipper,Voxxed Days Luxembourg 2026
jerome wax,Voxxed Days Luxembourg 2026
ji darwish,Voxxed Days Luxembourg 2026
julien briault,Voxxed Days Luxembourg 2026
laura schlosser,Voxxed Days Luxembourg 2026
loic mulder,Voxxed Days Luxembourg 2026
loic magnette,Voxxed Days Luxembourg 2026
loic tosser,Voxxed Days Luxembourg 2026
long le,Voxxed Days Luxembourg 2026
lucian precup,Voxxed Days Luxembourg 2026
ludovic lefebvre,Voxxed Days Luxembourg 2026
ukasz nowak,Voxxed Days Luxembourg 2026
maarten vandeperre,Voxxed Days Luxembourg 2026
marek dominiak,Voxxed Days Luxembourg 2026
marion chineaud,Voxxed Days Luxembourg 2026
martin mazur,Voxxed Days Luxembourg 2026
nicolas martignole,Voxxed Days Luxembourg 2026
oussama ghalbzouri,Voxxed Days Luxembourg 2026
pasha finkelshtein,Voxxed Days Luxembourg 2026
peter velychko,Voxxed Days Luxembourg 2026
philippe charriere,Voxxed Days Luxembourg 2026
pierre tomasina,Voxxed Days Luxembourg 2026
pierre alaime,Voxxed Days Luxembourg 2026
pierre charrasse,Voxxed Days Luxembourg 2026
pierre henriquet,Voxxed Days Luxembourg 2026
pietro mele,Voxxed Days Luxembourg 2026
piotr askawiec,Voxxed Days Luxembourg 2026
rachid zarouali,Voxxed Days Luxembourg 2026
roland weisleder,Voxxed Days Luxembourg 2026
sebastien heilig,Voxxed Days Luxembourg 2026
stephane robert,Voxxed Days Luxembourg 2026
suzy zimmer,Voxxed Days Luxembourg 2026
thomas darimont,Voxxed Days Luxembourg 2026
tine kondo,Voxxed Days Luxembourg 2026
vadim prudnikov,Voxxed Days Luxembourg 2026
victoire de lacharriere,Voxxed Days Luxembourg 2026
vincent seynhaeve,Voxxed Days Luxembourg 2026
vincent heuschling,Voxxed Days Luxembourg 2026
voxxed days luxembourg team,Voxxed Days Luxembourg 2026
wouter bauweraerts,Voxxed Days Luxembourg 2026
yannick guern,Voxxed Days Luxembourg 2026
zeljko kozina,Voxxed Days Luxembourg 2026
zied ben abderrahim,Voxxed Days Luxembourg 2026
dov katz,Code Remix Summit 2026
khalid elsawaf,Code Remix Summit 2026
dinesh arora,Code Remix Summit 2026
celal ziftci,Code Remix Summit 2026
eve matthaey,Code Remix Summit 2026
anshuman mishra,Code Remix Summit 2026
roberto perez alcolea,Code Remix Summit 2026
benjamin muschko,Code Remix Summit 2026
josh long,Code Remix Summit 2026
kiran rouzie,Code Remix Summit 2026
jonathan schneider,Code Remix Summit 2026
brian houck,Code Remix Summit 2026
kaushik vejju,Code Remix Summit 2026
aubrey chipman,Code Remix Summit 2026
ellen dewitt,Code Remix Summit 2026
rachel laycock,Code Remix Summit 2026
harald aamot,Code Remix Summit 2026
szczepan faber,Code Remix Summit 2026
stacey watro,Code Remix Summit 2026
sean sullivan,Code Remix Summit 2026
michael carducci,Code Remix Summit 2026
devin thomson,Code Remix Summit 2026
bryan friedman,Code Remix Summit 2026
prince valluri,Code Remix Summit 2026
javiera laso,Code Remix Summit 2026
guadalupe aliseda canton,Code Remix Summit 2026
marcin osiecki,Code Remix Summit 2026
ryan trontz,Code Remix Summit 2026
dania valladares,Code Remix Summit 2026
anshuman chadha,Code Remix Summit 2026
sung yoon whang,Code Remix Summit 2026
rui abreu,Code Remix Summit 2026
nachi nagappan,Code Remix Summit 2026
vinicius senger,Code Remix Summit 2026
jonathan vogel,Code Remix Summit 2026
jonatan dahl,Code Remix Summit 2026
sanjana seetharam,Code Remix Summit 2026
cory lucas,Code Remix Summit 2026
david sanchez,Code Remix Summit 2026
alex kureen,Code Remix Summit 2026
patrick vuong,Code Remix Summit 2026
samuel agbede,Devoxx UK 2026
stefan angelov,Devoxx UK 2026
olena babenko,Devoxx UK 2026
christopher batey,Devoxx UK 2026
james birnie,Devoxx UK 2026
merlin bogershausen,Devoxx UK 2026
sawyer bowerman,Devoxx UK 2026
anthony collins,Devoxx UK 2026
ian callaghan,Devoxx UK 2026
roberto carratala,Devoxx UK 2026
madhura chaganty,Devoxx UK 2026
alexander chatzizacharias,Devoxx UK 2026
josian chevalier,Devoxx UK 2026
cedric clyburn,Devoxx UK 2026
tom cools,Devoxx UK 2026
holly cummins,Devoxx UK 2026
anne currie,Devoxx UK 2026
benjamin dauvissat,Devoxx UK 2026
rahul de,Devoxx UK 2026
raphael de lio,Devoxx UK 2026
david denton,Devoxx UK 2026
iryna dohndorf,Devoxx UK 2026
kevin dubois,Devoxx UK 2026
thomas endres,Devoxx UK 2026
mark erikson,Devoxx UK 2026
artem fast,Devoxx UK 2026
kim fletcher,Devoxx UK 2026
vanessa formicola,Devoxx UK 2026
stephen galbraith,Devoxx UK 2026
daniel garnier moiroux,Devoxx UK 2026
trisha gee,Devoxx UK 2026
scott gerring,Devoxx UK 2026
serges goma,Devoxx UK 2026
horacio gonzalez,Devoxx UK 2026
matthias haeussler,Devoxx UK 2026
mark hazell,Devoxx UK 2026
ryan healey,Devoxx UK 2026
cheuk ting ho,Devoxx UK 2026
sander hoogendoorn,Devoxx UK 2026
marianne hoornenborg,Devoxx UK 2026
rob hopkins,Devoxx UK 2026
bilgin ibryam,Devoxx UK 2026
anupriya johari,Devoxx UK 2026
vojin jovanovic,Devoxx UK 2026
paula kennedy,Devoxx UK 2026
legare kerrison,Devoxx UK 2026
ramanpreet singh khinda,Devoxx UK 2026
fabian klemm,Devoxx UK 2026
michael krimgen,Devoxx UK 2026
olena kutsenko,Devoxx UK 2026
ian lawson,Devoxx UK 2026
josh long,Devoxx UK 2026
loic magnette,Devoxx UK 2026
artem makarov,Devoxx UK 2026
mihailo markovic,Devoxx UK 2026
jules may,Devoxx UK 2026
jonas mayer,Devoxx UK 2026
pietro mele,Devoxx UK 2026
paulo menon,Devoxx UK 2026
ana maria mihalceanu,Devoxx UK 2026
derek mortimer,Devoxx UK 2026
maarten mulders,Devoxx UK 2026
frank munz,Devoxx UK 2026
alexey naiden,Devoxx UK 2026
diana nanuti,Devoxx UK 2026
dennis nerush,Devoxx UK 2026
alexey nesterov,Devoxx UK 2026
bouke nijhuis,Devoxx UK 2026
anders noras,Devoxx UK 2026
gonzalo ortiz jaureguizar,Devoxx UK 2026
daniel oh,Devoxx UK 2026
pratik patel,Devoxx UK 2026
jose paumard,Devoxx UK 2026
stephane philippart,Devoxx UK 2026
steve poole,Devoxx UK 2026
piotr przyby,Devoxx UK 2026
victor rentea,Devoxx UK 2026
carly richmond,Devoxx UK 2026
simon ritter,Devoxx UK 2026
ixchel ruiz,Devoxx UK 2026
baruch sadogursky,Devoxx UK 2026
lennard schiefelbein,Devoxx UK 2026
simon schrottner,Devoxx UK 2026
marc schuh,Devoxx UK 2026
nate schutta,Devoxx UK 2026
melinda seckington,Devoxx UK 2026
oleg selajev,Devoxx UK 2026
gantigmaa selenge,Devoxx UK 2026
sven sellen,Devoxx UK 2026
filip srnec,Devoxx UK 2026
kate stanley,Devoxx UK 2026
pooja subramanian,Devoxx UK 2026
barbara teruggi,Devoxx UK 2026
heather thacker,Devoxx UK 2026
diana todea,Devoxx UK 2026
julien topcu,Devoxx UK 2026
simon vergauwen,Devoxx UK 2026
brian vermeer,Devoxx UK 2026
nitsan wakart,Devoxx UK 2026
christian woerz,Devoxx UK 2026
eoin woods,Devoxx UK 2026
thomas wuerthinger,Devoxx UK 2026
ananya kittane yogananda,Devoxx UK 2026
simone de gijt,Devoxx UK 2026
jonathan du mesnil de rochemont,Devoxx UK 2026
tim te beek,Devoxx UK 2026
marit van dijk,Devoxx UK 2026
adam bien,GeeCON 2026
adam dudczak,GeeCON 2026
adam warski,GeeCON 2026
agata kabat,GeeCON 2026
agnieszka lasyk,GeeCON 2026
ahmed hassanien,GeeCON 2026
alexander chatzizacharias,GeeCON 2026
annelore egger,GeeCON 2026
arjen poutsma,GeeCON 2026
artur keska,GeeCON 2026
artur skowronski,GeeCON 2026
aviva peisach,GeeCON 2026
baruch sadogursky,GeeCON 2026
christian tzolov,GeeCON 2026
dariusz jedrzejczyk,GeeCON 2026
dominik cebula,GeeCON 2026
dylan beattie,GeeCON 2026
emanuel trandafir,GeeCON 2026
francois martin,GeeCON 2026
gerrit grunwald,GeeCON 2026
ivar grimstad,GeeCON 2026
jakub nabrdalik,GeeCON 2026
johannes bechberger,GeeCON 2026
jonathan vila lopez,GeeCON 2026
josef goldstein,GeeCON 2026
julien topcu,GeeCON 2026
konrad sza kowski,GeeCON 2026
krzysztof debski,GeeCON 2026
lucia conde moreno,GeeCON 2026
marcin grzejszczak,GeeCON 2026
marcin kliks,GeeCON 2026
marcin apaj,GeeCON 2026
marit van dijk,GeeCON 2026
martin ladecky,GeeCON 2026
mateusz dykszak,GeeCON 2026
mateusz nalepa,GeeCON 2026
mete atamel,GeeCON 2026
mihaela gheorghe roman,GeeCON 2026
niek palm,GeeCON 2026
piotr askawiec,GeeCON 2026
piotr przyby,GeeCON 2026
rustam mehmandarov,GeeCON 2026
spencer gibb,GeeCON 2026
steve poole,GeeCON 2026
szymon sadowski,GeeCON 2026
thomas pierrain,GeeCON 2026
thomas sundberg,GeeCON 2026
tom akehurst,GeeCON 2026
tomas rehak,GeeCON 2026
tomer gabel,GeeCON 2026
yasmin dunsky,GeeCON 2026
azmir abdi,JAX 2026
marwan abu khalil,JAX 2026
pawel adaszewski,JAX 2026
sven amann,JAX 2026
mike amundsen,JAX 2026
stefan armbruster,JAX 2026
tom asel,JAX 2026
petr aubrecht,JAX 2026
christian bachler,JAX 2026
patrik baumann,JAX 2026
markus baumann,JAX 2026
patrick baumgartner,JAX 2026
thomas bayer,JAX 2026
viktor bekaj,JAX 2026
candide bekono,JAX 2026
konstantin belinski,JAX 2026
christian berg,JAX 2026
dennis berger,JAX 2026
georg berky,JAX 2026
sven bernhardt,JAX 2026
moritz besser,JAX 2026
patric betz,JAX 2026
adam bien,JAX 2026
winfried bittner,JAX 2026
stefan blum,JAX 2026
christian bobach,JAX 2026
adam boczek,JAX 2026
torsten b gh koster,JAX 2026
kirill boiarkin,JAX 2026
nils bokermann,JAX 2026
johannes h bondzio,JAX 2026
mathias boni,JAX 2026
elmar borgmeier,JAX 2026
hauke brammer,JAX 2026
susanne braun,JAX 2026
juan antonio brena moral,JAX 2026
ronald brill,JAX 2026
daniel buza,JAX 2026
samantha casler,JAX 2026
daniel chwat gogol,JAX 2026
katie clark,JAX 2026
jamie coleman,JAX 2026
adrian colyer,JAX 2026
hubert corr,JAX 2026
marcus crestani,JAX 2026
sebastian daschner,JAX 2026
eric dauenhauer,JAX 2026
john davies,JAX 2026
sean davis,JAX 2026
tim de buhr,JAX 2026
dagmar de haan,JAX 2026
christian dedek,JAX 2026
sven deichsel,JAX 2026
christian del monte,JAX 2026
chris demars,JAX 2026
erik demming,JAX 2026
marius dieckmann,JAX 2026
konstantin diener,JAX 2026
werner dietl,JAX 2026
zeljko dodlek,JAX 2026
michael dowden,JAX 2026
martine dowden,JAX 2026
patrick drechsler,JAX 2026
oliver drotbohm,JAX 2026
paul dubs,JAX 2026
damian dudziec,JAX 2026
ivan dugalic,JAX 2026
ingo duppe,JAX 2026
milen dyankov,JAX 2026
hendrik ebbers,JAX 2026
alexander ebbes,JAX 2026
werner eberling,JAX 2026
max edenharter,JAX 2026
jannis eickenroth,JAX 2026
peter eijgermans,JAX 2026
henning ellerweg,JAX 2026
axel emmer,JAX 2026
christoph engelbert,JAX 2026
nils engelke,JAX 2026
nico enking,JAX 2026
dan erez,JAX 2026
leon erkarslan,JAX 2026
lukas essig,JAX 2026
pascal euhus,JAX 2026
claire fautsch,JAX 2026
johannes feige,JAX 2026
sascha feldmann,JAX 2026
francois fernandes,JAX 2026
robin ferrari,JAX 2026
milena fluck,JAX 2026
marcel fluri,JAX 2026
bernd fondermann,JAX 2026
hergy fongue,JAX 2026
vanessa formicola,JAX 2026
christina framke,JAX 2026
maximilian franzke,JAX 2026
maurice freund,JAX 2026
uwe friedrichsen,JAX 2026
thilo frotscher,JAX 2026
juan fumero,JAX 2026
viktor gamov,JAX 2026
kai gellien,JAX 2026
igor gembula,JAX 2026
christian georg,JAX 2026
winfried gerlach,JAX 2026
steve gerstner,JAX 2026
mihaela gheorghe roman,JAX 2026
adam giemza,JAX 2026
robert glaser,JAX 2026
alena glogowski,JAX 2026
nishu goel,JAX 2026
brian goetz,JAX 2026
kevin goldsmith,JAX 2026
nikita golovko,JAX 2026
emmanuel gonzalez carmona,JAX 2026
jason gorman,JAX 2026
lukas gotkowski,JAX 2026
alexander gottschlich,JAX 2026
michael graf,JAX 2026
andreas gratz,JAX 2026
marcus greuel,JAX 2026
richard gross,JAX 2026
sascha gro,JAX 2026
christian grumme,JAX 2026
steffen grunwald,JAX 2026
gerrit grunwald,JAX 2026
martin gunther,JAX 2026
serafima gurevich,JAX 2026
halil cem gursoy,JAX 2026
arno haase,JAX 2026
matthias hagele,JAX 2026
rainer hahnekamp,JAX 2026
fabian hardt,JAX 2026
shankara hariharan,JAX 2026
simon harrer,JAX 2026
markus harrer,JAX 2026
nils hartmann,JAX 2026
andreas hartmann,JAX 2026
markus hebach,JAX 2026
stefan heinzer,JAX 2026
christian heitzmann,JAX 2026
marcus held,JAX 2026
clemens helm,JAX 2026
christoph henkelmann,JAX 2026
mario herb,JAX 2026
julian herzog,JAX 2026
waldemar hettmann,JAX 2026
stefan hildebrandt,JAX 2026
thomas hinterwimmer,JAX 2026
sebastian hirschmeier,JAX 2026
carsten hoffmann,JAX 2026
michael hofmann,JAX 2026
jonas hofmann,JAX 2026
alexander hofmann,JAX 2026
marius hofmeister,JAX 2026
jorg hohwiller,JAX 2026
torsten hopf,JAX 2026
bernhard hopfenmuller,JAX 2026
alexander horch,JAX 2026
lutz huhnken,JAX 2026
lars hupel,JAX 2026
roland hu,JAX 2026
michael inden,JAX 2026
mirza iqbal,JAX 2026
thorben janssen,JAX 2026
arnaud jean,JAX 2026
michael jerger,JAX 2026
emily jiang,JAX 2026
michael johann,JAX 2026
alexander john anacker,JAX 2026
rod johnson,JAX 2026
andreas jurgensen,JAX 2026
clemens jutte,JAX 2026
heinz kabutz,JAX 2026
christian kaiser,JAX 2026
martin kalsow,JAX 2026
christoph kappel,JAX 2026
niklas kappler,JAX 2026
stephan kaps,JAX 2026
yogesh karve,JAX 2026
michael kaufmann,JAX 2026
vadym kazulkin,JAX 2026
christian kehl,JAX 2026
christopher keibel,JAX 2026
johannes kellner,JAX 2026
christian kemper,JAX 2026
simon kerler,JAX 2026
patrick kiessling,JAX 2026
thomas kloppe,JAX 2026
niko kobler,JAX 2026
matthias koch,JAX 2026
christian kolbe,JAX 2026
marius kollner,JAX 2026
audrey kolski,JAX 2026
rico komenda,JAX 2026
patrick kopp,JAX 2026
david kopp,JAX 2026
danny koppenhagen,JAX 2026
maria korneeva,JAX 2026
jonas kortum,JAX 2026
christian kosmowski,JAX 2026
michael kotten,JAX 2026
peter krajcik,JAX 2026
martina kraus,JAX 2026
julian krischker,JAX 2026
alexander kroll,JAX 2026
peter kroner,JAX 2026
thomas kruse,JAX 2026
sebastian kuhnau,JAX 2026
michael kulla,JAX 2026
anja kunkel,JAX 2026
peter kutschera,JAX 2026
guillaume laforge,JAX 2026
ram lakshmanan,JAX 2026
stephane landelle,JAX 2026
david leitner,JAX 2026
karsten lentzsch,JAX 2026
carola lilienthal,JAX 2026
martin lippert,JAX 2026
malin litwinski,JAX 2026
andreas loew,JAX 2026
katharina lohrke,JAX 2026
michael loibl,JAX 2026
josh long,JAX 2026
thorsten lorenz,JAX 2026
daniel lubke,JAX 2026
frank lyaruu,JAX 2026
larry maccherone,JAX 2026
sahak maloyan,JAX 2026
artur margonari,JAX 2026
simon martinelli,JAX 2026
thomas mauch,JAX 2026
manuel mauky,JAX 2026
yara mayer,JAX 2026
darrell mcdonald,JAX 2026
moritz meid,JAX 2026
stefan menschner,JAX 2026
sebastian meyen,JAX 2026
christoph meyer,JAX 2026
ondro mihalyi,JAX 2026
uladzimir mihura,JAX 2026
russell miles,JAX 2026
julius mischok,JAX 2026
enzio mittag,JAX 2026
bilal mohammed,JAX 2026
cathrin moller,JAX 2026
adrian moller,JAX 2026
sascha mollering,JAX 2026
andreas monschau,JAX 2026
diana montalion,JAX 2026
thomas much,JAX 2026
thomas muller,JAX 2026
sven muller,JAX 2026
robin muller,JAX 2026
ralf d muller,JAX 2026
frank muller,JAX 2026
bjorn muller,JAX 2026
bernd muller,JAX 2026
nils muller sheffer,JAX 2026
janik munk,JAX 2026
daniel murrmann,JAX 2026
matthias naab,JAX 2026
serge ndong,JAX 2026
stefan negele,JAX 2026
jennifer nerlich,JAX 2026
johannes neubauer,JAX 2026
nikolai neugebauer,JAX 2026
uwe neukam,JAX 2026
noah neukam,JAX 2026
jorg neumann,JAX 2026
diana neuwirth,JAX 2026
christopher neuwirth,JAX 2026
hajo normann,JAX 2026
ikenna nwaiwu,JAX 2026
martin o hanlon,JAX 2026
simona oancea,JAX 2026
peter oosterlynck,JAX 2026
tasha oriwoh,JAX 2026
manuel ottlik,JAX 2026
sandra parsick,JAX 2026
stefan pauka,JAX 2026
sven peeters,JAX 2026
sara pellegrini,JAX 2026
olivier petri,JAX 2026
daniel pfeiffer,JAX 2026
florian pfleiderer,JAX 2026
frederik pietzko,JAX 2026
wolfgang pleus,JAX 2026
tobias polley,JAX 2026
steve poole,JAX 2026
daniel potzinger,JAX 2026
stefan priebsch,JAX 2026
nithish raghunandanan,JAX 2026
natalie ramp,JAX 2026
florian rappl,JAX 2026
nicole rauch,JAX 2026
sarah rayfuse,JAX 2026
bernd rederlechner,JAX 2026
lars reichert,JAX 2026
stephen reindl,JAX 2026
justin reock,JAX 2026
stefan reuter,JAX 2026
maren reuter,JAX 2026
sebastian rhode,JAX 2026
mona riabacke,JAX 2026
mirko richter,JAX 2026
thomas riedel,JAX 2026
tobias rohm,JAX 2026
peter ro bach,JAX 2026
dominik rost,JAX 2026
stefan rotsch,JAX 2026
lars rowekamp,JAX 2026
bernd rucker,JAX 2026
alexandra rupp,JAX 2026
paul salazar,JAX 2026
jairo santana,JAX 2026
nils saphorster,JAX 2026
milan savic,JAX 2026
valentin sawadski,JAX 2026
eugen sawitzki,JAX 2026
tim schade,JAX 2026
steffen schafer,JAX 2026
frank scheffler,JAX 2026
frederieke scheper,JAX 2026
thomas schilling,JAX 2026
thomas schissler,JAX 2026
markus schlegel,JAX 2026
thorsten schleinzer,JAX 2026
jan christoph schlieker,JAX 2026
alexander schluter,JAX 2026
robert schmelzer,JAX 2026
silke schmid,JAX 2026
volker schmidt,JAX 2026
jan schmidt,JAX 2026
andy schmidt,JAX 2026
daniel schmitz hubsch,JAX 2026
matthias schneider,JAX 2026
christian schneider,JAX 2026
michael schock,JAX 2026
alexander schramm,JAX 2026
silvia schreier,JAX 2026
rene schroder,JAX 2026
sarah schuh,JAX 2026
katja schulke,JAX 2026
lothar schulz,JAX 2026
sven schuster,JAX 2026
christian schuster,JAX 2026
cristian schuszter,JAX 2026
artur schwarz,JAX 2026
henning schwentner,JAX 2026
christian seifert,JAX 2026
alex semin,JAX 2026
paul senkel,JAX 2026
tim sevenich,JAX 2026
shohre shaddelian,JAX 2026
aminata sidibe,JAX 2026
marco sieben,JAX 2026
karsten silz,JAX 2026
michael simons,JAX 2026
falk sippach,JAX 2026
karsten sitterberg,JAX 2026
kilian soerries,JAX 2026
ralf somplatzki,JAX 2026
maximilian sparenberg,JAX 2026
sebastian spautz,JAX 2026
sebastian springer,JAX 2026
christoph stabler,JAX 2026
bjorn stahl,JAX 2026
jan stamer,JAX 2026
gernot starke,JAX 2026
frank steimle,JAX 2026
felix stein,JAX 2026
christian stein,JAX 2026
alina stein,JAX 2026
frank stepan,JAX 2026
manfred steyer,JAX 2026
marvin stoppelkotter,JAX 2026
walery strauch,JAX 2026
rainer stropek,JAX 2026
martin stypinski,JAX 2026
venkat subramaniam,JAX 2026
aurelien svevi,JAX 2026
papick taboada,JAX 2026
david tanzer,JAX 2026
daniel terhorst north,JAX 2026
sven tessmann,JAX 2026
jan thewes,JAX 2026
sebastian tiemann,JAX 2026
sergej tihonov,JAX 2026
frank tingle,JAX 2026
kai todter,JAX 2026
joshua topfer,JAX 2026
stefan toth,JAX 2026
mario trzensky,JAX 2026
catalin tudose,JAX 2026
tal uscher,JAX 2026
rogier van boxtel,JAX 2026
mike van der bijl,JAX 2026
tammo van lessen,JAX 2026
thomas velden,JAX 2026
gien verschatse,JAX 2026
natale vinto,JAX 2026
almudena vivanco gonzalez,JAX 2026
david vlijmincx,JAX 2026
daniel voelsen,JAX 2026
markus voelter,JAX 2026
lars vogel,JAX 2026
karsten voges,JAX 2026
christian voigt,JAX 2026
alexander von zitzewitz,JAX 2026
michael voss,JAX 2026
merlin walter,JAX 2026
sandra warmbrunn,JAX 2026
jeff watkins,JAX 2026
hillel wayne,JAX 2026
wolfgang weigend,JAX 2026
till weinert,JAX 2026
roland weisleder,JAX 2026
alexander wei haupt,JAX 2026
alex wellnitz,JAX 2026
sarah wells,JAX 2026
carsten wendt,JAX 2026
christian wenz,JAX 2026
bjorn wenzel,JAX 2026
matthias we endorf,JAX 2026
ralf westbrock,JAX 2026
marek wester,JAX 2026
christian weyer,JAX 2026
mike wiesner,JAX 2026
rene wilby,JAX 2026
erik wilde,JAX 2026
stefan wilk,JAX 2026
kevin wittek,JAX 2026
marcus wojtusik,JAX 2026
stefan wolf,JAX 2026
eberhard wolff,JAX 2026
janek wonner,JAX 2026
tobias worenkamper,JAX 2026
maximilian worner,JAX 2026
christian worz,JAX 2026
johannes wu,JAX 2026
thomas wuerthinger,JAX 2026
tim wullner,JAX 2026
erkan yanar,JAX 2026
xin yao,JAX 2026
isabella zaczek,JAX 2026
manuel zapf,JAX 2026
rene zarwel,JAX 2026
oliver zeigermann,JAX 2026
dr olaf zimmermann,JAX 2026
tim zoller,JAX 2026
stefan zorner,JAX 2026
buhake sindi,JCON Slovenia 2026
aljosa vister,JCON Slovenia 2026
kristjan cuznar,JCON Slovenia 2026
daniel overby hansen,JCON Slovenia 2026
karin patenge,JCON Slovenia 2026
richard martens,JCON Slovenia 2026
kim berg hansen,JCON Slovenia 2026
robert cmrlec,JCON Slovenia 2026
marco sussitz,JCON Slovenia 2026
cristian schuszter,JCON Slovenia 2026
renee wikestad,JCON Slovenia 2026
alexis zrimec,JCON Slovenia 2026
jan jez,JCON Slovenia 2026
martin bach,JCON Slovenia 2026
marcin przepiorowski,JCON Slovenia 2026
gianni ceresa,JCON Slovenia 2026
mirela ardelean,JCON Slovenia 2026
bostjan stor,JCON Slovenia 2026
christian grumme,JCON Slovenia 2026
marin niehues,JCON Slovenia 2026
rodrigo jorge,JCON Slovenia 2026
mojca gros,JCON Slovenia 2026
matej zeleznik,JCON Slovenia 2026
michiel daerden,JCON Slovenia 2026
petro velychko,JCON Slovenia 2026
ingo duppe,JCON Slovenia 2026
dr mark little,JCON Slovenia 2026
neil chandler,JCON Slovenia 2026
mike durran,JCON Slovenia 2026
lucas hirschegger,JCON Slovenia 2026
zeljko kozina,JCON Slovenia 2026
matej nedic,JCON Slovenia 2026
jan martiska,JCON Slovenia 2026
martin ladecky,JCON Slovenia 2026
rok garbas,JCON Slovenia 2026
ariel david jancar,JCON Slovenia 2026
krisztian papp,JCON Slovenia 2026
urh srecnik,JCON Slovenia 2026
gilson martins,JCON Slovenia 2026
leon stanko,JCON Slovenia 2026
loic magnette,JCON Slovenia 2026
dotan horovits,JCON Slovenia 2026
ales cadez,JCON Slovenia 2026
mitja golouh,JCON Slovenia 2026
ziga vaupot,JCON Slovenia 2026
sandi holub,JCON Slovenia 2026
vili tajnic,JCON Slovenia 2026
andrej pashchenko,JCON Slovenia 2026
aleksandar stoisavljevic,JCON Slovenia 2026
patrik dudits,JCON Slovenia 2026
mohamed mortadha manai,JCON Slovenia 2026
yishai beeri,JCON Slovenia 2026
dominik znidarsic,JCON Slovenia 2026
werner keil,JCON Slovenia 2026
erik van roon,JCON Slovenia 2026
yvind isene,JCON Slovenia 2026
scott sosna,JCON Slovenia 2026
pasha finkelshteyn,JCON Slovenia 2026
jens knipper,JCON Slovenia 2026
gerrit grunwald,JCON Slovenia 2026
robert korosec,JCON Slovenia 2026
monika lewandowska,JCON Slovenia 2026
kamil stawiarski,JCON Slovenia 2026
dani schnider,JCON Slovenia 2026
sergej rozman,JCON Slovenia 2026
akihiro nishikawa,JJUG CCC 2026 Spring
atsushi,JJUG CCC 2026 Spring
ayako hayasaka,JJUG CCC 2026 Spring
ayana murakami,JJUG CCC 2026 Spring
cassandra chin,JJUG CCC 2026 Spring
chavdar dimitrov,JJUG CCC 2026 Spring
daishi tabata,JJUG CCC 2026 Spring
gara,JJUG CCC 2026 Spring
hirokuni maeta,JJUG CCC 2026 Spring
igu,JJUG CCC 2026 Spring
irof,JJUG CCC 2026 Spring
junhee lee,JJUG CCC 2026 Spring
ken sipe,JJUG CCC 2026 Spring
kenji kazumura,JJUG CCC 2026 Spring
koki hoshihara,JJUG CCC 2026 Spring
lambig,JJUG CCC 2026 Spring
masaki yamakawa,JJUG CCC 2026 Spring
masanori tani,JJUG CCC 2026 Spring
masatoshi tada,JJUG CCC 2026 Spring
masuda220,JJUG CCC 2026 Spring
negima,JJUG CCC 2026 Spring
nrs masanobu naruse,JJUG CCC 2026 Spring
saoko uranaka,JJUG CCC 2026 Spring
shigeki shoji,JJUG CCC 2026 Spring
shimashima35,JJUG CCC 2026 Spring
shun watanabe,JJUG CCC 2026 Spring
simon ritter,JJUG CCC 2026 Spring
stephen chin,JJUG CCC 2026 Spring
takahiro nagao,JJUG CCC 2026 Spring
takeshi miyajima,JJUG CCC 2026 Spring
takumi endo,JJUG CCC 2026 Spring
toru takahashi,JJUG CCC 2026 Spring
wagyu,JJUG CCC 2026 Spring
yohei kajiro,JJUG CCC 2026 Spring
yoshihiko minami,JJUG CCC 2026 Spring
yuichi sakuraba,JJUG CCC 2026 Spring
yuji nakagawa,JJUG CCC 2026 Spring
yujisoftware,JJUG CCC 2026 Spring
yusuke saito,JJUG CCC 2026 Spring
yuya296,JJUG CCC 2026 Spring
yuya miyamoto,JJUG CCC 2026 Spring
,JJUG CCC 2026 Spring
alexander chatzizacharias,JNation 2026
anton arhipov,JNation 2026
atila fassina,JNation 2026
baruch sadogursky,JNation 2026
diana todea,JNation 2026
erik rasmussen,JNation 2026
gerrit grunwald,JNation 2026
guillaume laforge,JNation 2026
heinz kabutz,JNation 2026
josh long,JNation 2026
mario fusco,JNation 2026
marit van dijk,JNation 2026
mark erikson,JNation 2026
martijn verburg,JNation 2026
roberto cortez,JNation 2026
sven peters,JNation 2026
viktor gamov,JNation 2026
a n m bazlur rahman,JNation 2026
akihiro nishikawa,JNation 2026
andrea peruffo,JNation 2026
andrei novov,JNation 2026
andy damevin,JNation 2026
brian vermeer,JNation 2026
catarina ventura gamboa,JNation 2026
charly gomez,JNation 2026
cristian schuszter,JNation 2026
dan neciu,JNation 2026
daniel afonso,JNation 2026
david vlijmincx,JNation 2026
faris aziz,JNation 2026
guus de wit,JNation 2026
harshil agrawal,JNation 2026
jago de vreede,JNation 2026
jaros aw pa ka,JNation 2026
loic magnette,JNation 2026
luis ventura,JNation 2026
luqman saeed,JNation 2026
mario zenha rela,JNation 2026
merlin bogershausen,JNation 2026
mete atamel,JNation 2026
mihaela gheorghe roman,JNation 2026
mikhail korolev,JNation 2026
nuno lourenco,JNation 2026
pasha finkelshteyn,JNation 2026
patrick baumgartner,JNation 2026
penousal machado,JNation 2026
ramona schwering,JNation 2026
ricardo costa,JNation 2026
ricardo magalhaes,JNation 2026
rita castro,JNation 2026
sara vieira,JNation 2026
sergey beryozkin,JNation 2026
shaaf syed,JNation 2026
simon schrottner,JNation 2026
adele carpenter,KotlinConf 2026
akniyet arysbayev,KotlinConf 2026
alejandro serrano mena,KotlinConf 2026
aleksei zinovev,KotlinConf 2026
alessio della motta,KotlinConf 2026
alexander sysoev,KotlinConf 2026
anastasiia birillo,KotlinConf 2026
andrey bragin,KotlinConf 2026
anna kozlova,KotlinConf 2026
anton arhipov,KotlinConf 2026
arnaud giuliani,KotlinConf 2026
artem kobzar,KotlinConf 2026
aurimas liutikas,KotlinConf 2026
baruch sadogursky,KotlinConf 2026
ben kadel,KotlinConf 2026
benedict kerres,KotlinConf 2026
bernd prunster,KotlinConf 2026
bowen feng,KotlinConf 2026
brian norman,KotlinConf 2026
chantal loncle,KotlinConf 2026
christian ryan,KotlinConf 2026
dan kim,KotlinConf 2026
daniel santiago rivera,KotlinConf 2026
daniil karol,KotlinConf 2026
david denton,KotlinConf 2026
denis ambatenne,KotlinConf 2026
duncan mcgregor,KotlinConf 2026
elif bilgin morris,KotlinConf 2026
eric kuck,KotlinConf 2026
filipp zhinkin,KotlinConf 2026
gabriele pappalardo,KotlinConf 2026
gleb lukianets,KotlinConf 2026
hadi hariri,KotlinConf 2026
hammad akram,KotlinConf 2026
huyen tue dao,KotlinConf 2026
ian botsford,KotlinConf 2026
ian lake,KotlinConf 2026
ian leshan,KotlinConf 2026
idan nakav,KotlinConf 2026
jake wharton,KotlinConf 2026
jeffrey van gogh,KotlinConf 2026
jessalyn wang,KotlinConf 2026
jesse wilson,KotlinConf 2026
joffrey bion,KotlinConf 2026
john o reilly,KotlinConf 2026
jonathan schneider,KotlinConf 2026
josh long,KotlinConf 2026
konstantin tskhovrebov,KotlinConf 2026
ksenia shneyveys,KotlinConf 2026
lauren darcey,KotlinConf 2026
lena reinhard,KotlinConf 2026
marat akhin,KotlinConf 2026
marc reichelt,KotlinConf 2026
marcello galhardo,KotlinConf 2026
marcin mycek,KotlinConf 2026
maria krishtal,KotlinConf 2026
marton braun,KotlinConf 2026
matt dyor,KotlinConf 2026
meike felicia hammer,KotlinConf 2026
merlin pahic,KotlinConf 2026
michail zarecenskij,KotlinConf 2026
michal harakal,KotlinConf 2026
mohamed ben rejeb,KotlinConf 2026
nat pryce,KotlinConf 2026
natasha murashkina,KotlinConf 2026
nicole terc,KotlinConf 2026
oliver okrongli,KotlinConf 2026
omico wang,KotlinConf 2026
pamela hill galloway,KotlinConf 2026
paul merlin,KotlinConf 2026
phil burk,KotlinConf 2026
rahul behera,KotlinConf 2026
rooz sf,KotlinConf 2026
olivier abdelnour,Devoxx France 2026
khadija abdelouali,Devoxx France 2026
jules agostini,Devoxx France 2026
mohamed ait abderrahman,Devoxx France 2026
modeste assiongbon,Devoxx France 2026
vincent aubrun,Devoxx France 2026
sandra ahlgrimm,Devoxx France 2026
florent albert,Devoxx France 2026
mickael alves,Devoxx France 2026
pierre andrieux,Devoxx France 2026
anton arhipov,Devoxx France 2026
lionel armanet,Devoxx France 2026
sara attallah gherardi,Devoxx France 2026
marjorie aubert,Devoxx France 2026
lucas audart,Devoxx France 2026
alexia audevart,Devoxx France 2026
l titia avrot,Devoxx France 2026
jonathan baranzini,Devoxx France 2026
jerome baton,Devoxx France 2026
hela ben khalfallah,Devoxx France 2026
benjamin bernard,Devoxx France 2026
frederic bisson,Devoxx France 2026
thomas blaisot,Devoxx France 2026
said boudjelda,Devoxx France 2026
jason bourlard,Devoxx France 2026
caroline boyer,Devoxx France 2026
jean philippe baconnais,Devoxx France 2026
geoffrey beausire,Devoxx France 2026
gwenael bec,Devoxx France 2026
simon bedard,Devoxx France 2026
jean philippe bempel,Devoxx France 2026
zied ben abderrahim,Devoxx France 2026
romain benassi,Devoxx France 2026
zineb bendhiba,Devoxx France 2026
nicolas benhamou,Devoxx France 2026
guillaume benoot,Devoxx France 2026
marion beretti,Devoxx France 2026
emmanuel bernard,Devoxx France 2026
florian bernard,Devoxx France 2026
ivan bethus,Devoxx France 2026
yohan bismuth,Devoxx France 2026
luis blanche,Devoxx France 2026
nailya bogrova,Devoxx France 2026
paul boisson,Devoxx France 2026
alice bonhomme biais,Devoxx France 2026
julien botella,Devoxx France 2026
olivier bourgain,Devoxx France 2026
philippe bourgau,Devoxx France 2026
benjamin bourgeois,Devoxx France 2026
francois bouteruche,Devoxx France 2026
fanny bouton,Devoxx France 2026
charles bouttaz,Devoxx France 2026
julien briault,Devoxx France 2026
yves brissaud,Devoxx France 2026
sebastien buchoux,Devoxx France 2026
bruce bujon,Devoxx France 2026
julien buret,Devoxx France 2026
audren burlot,Devoxx France 2026
antoine candy,Devoxx France 2026
anis chaabani,Devoxx France 2026
omid chehreh gosha,Devoxx France 2026
ludovic chombeau,Devoxx France 2026
maxime clement,Devoxx France 2026
aurelien couderc,Devoxx France 2026
jean yves cronier,Devoxx France 2026
manuel camargo,Devoxx France 2026
frederic camblor,Devoxx France 2026
thomas cami,Devoxx France 2026
mathieu cans,Devoxx France 2026
alexandre carbenay,Devoxx France 2026
manon carbonnel,Devoxx France 2026
nathan castelein,Devoxx France 2026
lucie castier,Devoxx France 2026
benjamin cavy,Devoxx France 2026
eva celhabe,Devoxx France 2026
sylvain chambon,Devoxx France 2026
thierry chantier,Devoxx France 2026
philippe charriere,Devoxx France 2026
jeremy chauvin,Devoxx France 2026
guillaume chervet,Devoxx France 2026
pierre chesneau,Devoxx France 2026
florine chevrier,Devoxx France 2026
houssem chihoub,Devoxx France 2026
luc chmielowski,Devoxx France 2026
nahel chokairi,Devoxx France 2026
alexis horgix chotard,Devoxx France 2026
ludovic cinquin,Devoxx France 2026
cedric clyburn,Devoxx France 2026
ophelie coelho,Devoxx France 2026
benoit colin,Devoxx France 2026
tom cools,Devoxx France 2026
luca corrieri,Devoxx France 2026
thomas da rocha,Devoxx France 2026
patrice de saint steban,Devoxx France 2026
sylvain dedieu,Devoxx France 2026
antoine dessaigne,Devoxx France 2026
ane diaz de tuesta,Devoxx France 2026
philippe didiergeorges,Devoxx France 2026
lansana diomande,Devoxx France 2026
kevin davin,Devoxx France 2026
raphael de lio,Devoxx France 2026
geoffrey de smet,Devoxx France 2026
sylvain decout,Devoxx France 2026
david delabassee,Devoxx France 2026
valentin deleplace,Devoxx France 2026
sebastien deleuze,Devoxx France 2026
stephane derosiaux,Devoxx France 2026
benoit dissert,Devoxx France 2026
laurent doguin,Devoxx France 2026
jean michel doudoux,Devoxx France 2026
julien dubois,Devoxx France 2026
rachel dubois,Devoxx France 2026
vincent dubois,Devoxx France 2026
laurent duclay,Devoxx France 2026
gerome egron,Devoxx France 2026
guillaume ehret,Devoxx France 2026
pierre echegut,Devoxx France 2026
francois eckert,Devoxx France 2026
clement escoffier,Devoxx France 2026
arnaud esteve,Devoxx France 2026
pablo farey,Devoxx France 2026
sebastien ferrer,Devoxx France 2026
chaker fezai,Devoxx France 2026
remi forax,Devoxx France 2026
lilian forget,Devoxx France 2026
thomas froment,Devoxx France 2026
alexandre fruchaud,Devoxx France 2026
christophe furmaniak,Devoxx France 2026
mario fusco,Devoxx France 2026
erwan gereec,Devoxx France 2026
hajar gharbi,Devoxx France 2026
oceane gillard,Devoxx France 2026
vincent galloy,Devoxx France 2026
viktor gamov,Devoxx France 2026
daniel garnier moiroux,Devoxx France 2026
jean francois garreau,Devoxx France 2026
henri gauffriau,Devoxx France 2026
jerome gauthier,Devoxx France 2026
denis germain,Devoxx France 2026
theo gianella,Devoxx France 2026
didier girard,Devoxx France 2026
nicolas giraud,Devoxx France 2026
thibaut giraud,Devoxx France 2026
anne sophie girault le mault,Devoxx France 2026
yann gloriau,Devoxx France 2026
henri gomez,Devoxx France 2026
antonio goncalves,Devoxx France 2026
horacio gonzalez,Devoxx France 2026
peter goron,Devoxx France 2026
maxime gosselin,Devoxx France 2026
claire gourcy,Devoxx France 2026
tugdual grall,Devoxx France 2026
jordane grenat,Devoxx France 2026
eric grenon,Devoxx France 2026
emmanuel guerin,Devoxx France 2026
yann helleboid,Devoxx France 2026
julien haumont,Devoxx France 2026
arnaud heritier,Devoxx France 2026
vincent heuschling,Devoxx France 2026
antoine irisson,Devoxx France 2026
virginie jugie,Devoxx France 2026
pauline jamin,Devoxx France 2026
stephan janssen,Devoxx France 2026
tony jarriault,Devoxx France 2026
paul jeannot,Devoxx France 2026
christophe jollivet,Devoxx France 2026
thomas jouve,Devoxx France 2026
luc julia,Devoxx France 2026
fanny klauk,Devoxx France 2026
dimitrios kafetzis,Devoxx France 2026
sebastien keller,Devoxx France 2026
sherine khoury,Devoxx France 2026
henry lagarde,Devoxx France 2026
long le,Devoxx France 2026
eric le merdy,Devoxx France 2026
guillaume leblondel,Devoxx France 2026
alain lesage,Devoxx France 2026
guillaume laforge,Devoxx France 2026
aymeric lagier,Devoxx France 2026
jonathan lagneaux,Devoxx France 2026
francois xavier lair,Devoxx France 2026
victor lambret,Devoxx France 2026
yannick lambruschi,Devoxx France 2026
guillaume lapierre,Devoxx France 2026
johana lavigne,Devoxx France 2026
yann thomas le moigne,Devoxx France 2026
quentin lebourgeois,Devoxx France 2026
laurent leca,Devoxx France 2026
sebastien lecacheur,Devoxx France 2026
samuel lefebvre,Devoxx France 2026
theotime leveque,Devoxx France 2026
philippe llerena,Devoxx France 2026
pablo lopez,Devoxx France 2026
mathilde lorrain,Devoxx France 2026
guillaume lours,Devoxx France 2026
damien lucas,Devoxx France 2026
djordje lukic,Devoxx France 2026
muriel lusseau,Devoxx France 2026
vivien maleze,Devoxx France 2026
cyril marin,Devoxx France 2026
fabien martin,Devoxx France 2026
cyrille martraire,Devoxx France 2026
arnaud mary,Devoxx France 2026
antoine mayer,Devoxx France 2026
simon mercier,Devoxx France 2026
johnathan meunier,Devoxx France 2026
guillaume moirod,Devoxx France 2026
louis guillaume morand,Devoxx France 2026
hajer mabrouk,Devoxx France 2026
anthony maffert,Devoxx France 2026
mirna mahfoud,Devoxx France 2026
aude malabat,Devoxx France 2026
willy malvault,Devoxx France 2026
camille marginedes,Devoxx France 2026
lucas marques,Devoxx France 2026
barbara martin,Devoxx France 2026
emeric martineau,Devoxx France 2026
nicolas masse,Devoxx France 2026
benoit masson,Devoxx France 2026
jerome masson,Devoxx France 2026
guillaume mathieu,Devoxx France 2026
loic mathieu,Devoxx France 2026
david maurin,Devoxx France 2026
aurelien maury,Devoxx France 2026
guillaume mazollier,Devoxx France 2026
nicolas mengin,Devoxx France 2026
florian meuleman,Devoxx France 2026
elodie mielczareck,Devoxx France 2026
kim adeline miguel,Devoxx France 2026
ana maria mihalceanu,Devoxx France 2026
francois mockers,Devoxx France 2026
paul molin,Devoxx France 2026
giovanna monti,Devoxx France 2026
alexandre moray,Devoxx France 2026
alexis morelle,Devoxx France 2026
benoit moussaud,Devoxx France 2026
jeremy nadal,Devoxx France 2026
bertrand nau,Devoxx France 2026
iris naudin,Devoxx France 2026
alexandre navarro,Devoxx France 2026
francois nollen,Devoxx France 2026
loic ortola,Devoxx France 2026
naima ouarti,Devoxx France 2026
thomas pierrain,Devoxx France 2026
alexandre poichet,Devoxx France 2026
olivier poncet,Devoxx France 2026
bertrand paquet,Devoxx France 2026
sandra parlant,Devoxx France 2026
jose paumard,Devoxx France 2026
nicolas payneau,Devoxx France 2026
david pequegnot,Devoxx France 2026
ambre person,Devoxx France 2026
jerome petazzoni,Devoxx France 2026
daniel petisme,Devoxx France 2026
stephane philippart,Devoxx France 2026
laurent picard,Devoxx France 2026
carmen piciorus,Devoxx France 2026
david pilato,Devoxx France 2026
paul henri pillet,Devoxx France 2026
paul pinault,Devoxx France 2026
bernard pons,Devoxx France 2026
benoit prioux,Devoxx France 2026
yann prono,Devoxx France 2026
etienne puissant,Devoxx France 2026
flavien quesnel,Devoxx France 2026
steve rigano,Devoxx France 2026
david robin,Devoxx France 2026
johan rouve,Devoxx France 2026
romain rozewicz,Devoxx France 2026
lize raes,Devoxx France 2026
johann rakotoharisoa,Devoxx France 2026
balkrishna rawool,Devoxx France 2026
alain regnier,Devoxx France 2026
rene ribaud,Devoxx France 2026
mathilde rigabert,Devoxx France 2026
frederik rouleau,Devoxx France 2026
julien roy,Devoxx France 2026
manuel ryan,Devoxx France 2026
veronique sermage,Devoxx France 2026
antoine sabot durand,Devoxx France 2026
charles sabourdin,Devoxx France 2026
brice saccucci,Devoxx France 2026
baruch sadogursky,Devoxx France 2026
amadou sall,Devoxx France 2026
bastien sautejeau,Devoxx France 2026
yann schepens,Devoxx France 2026
sonia seddiki,Devoxx France 2026
raphael semeteys,Devoxx France 2026
abdel sghiouar,Devoxx France 2026
jean christophe sirot,Devoxx France 2026
alexis slawny,Devoxx France 2026
esteban soubiran,Devoxx France 2026
christian sperandio,Devoxx France 2026
julien sulpis,Devoxx France 2026
stephane tankoua,Devoxx France 2026
stephane trebel,Devoxx France 2026
jerome tama,Devoxx France 2026
sarah tedjani,Devoxx France 2026
pierre therrode,Devoxx France 2026
alexandre touret,Devoxx France 2026
bastien tran,Devoxx France 2026
stephane trognon,Devoxx France 2026
daniel verdierre,Devoxx France 2026
aurelie vache,Devoxx France 2026
laurent vaillant,Devoxx France 2026
mikael van craeynest,Devoxx France 2026
emile vauge,Devoxx France 2026
erwan velu,Devoxx France 2026
remi verchere,Devoxx France 2026
brian vermeer,Devoxx France 2026
matthieu vetter,Devoxx France 2026
alexandre victoor,Devoxx France 2026
clement virieux,Devoxx France 2026
sylvain wallez,Devoxx France 2026
jonathan winandy,Devoxx France 2026
julien wittouck,Devoxx France 2026
nicolas wlodarczyk,Devoxx France 2026
florian yger,Devoxx France 2026
alina yurenko,Devoxx France 2026
pawe zajaczkowski,Devoxx France 2026
florent zara,Devoxx France 2026
pierre zemb,Devoxx France 2026
clement de tastes,Devoxx France 2026
yifang dong,Devoxx France 2026
marine du mesnil,Devoxx France 2026
geoffrey graveaud,Devoxx France 2026
jerome leonard,Devoxx France 2026
johan martinsson,Devoxx France 2026
stephane teyssier,Devoxx France 2026
marit van dijk,Devoxx France 2026
jan van wassenhove,Devoxx France 2026
david vonthenen,Devoxx France 2026
gojko adzic,Devoxx Greece 2026
dimitris andreadis,Devoxx Greece 2026
georgios andrianakis,Devoxx Greece 2026
anastasia andrikou,Devoxx Greece 2026
spyridon angelopoulos,Devoxx Greece 2026
george argyropoulos,Devoxx Greece 2026
mete atamel,Devoxx Greece 2026
andreas athanasopoulos,Devoxx Greece 2026
zacharenia atzitzikaki,Devoxx Greece 2026
faris aziz,Devoxx Greece 2026
aristeidis bampakos,Devoxx Greece 2026
thanassis bantios,Devoxx Greece 2026
dimitrios barpakis,Devoxx Greece 2026
patrick baumgartner,Devoxx Greece 2026
adam bien,Devoxx Greece 2026
evi chatzidaki,Devoxx Greece 2026
alexander chatzizacharias,Devoxx Greece 2026
alain chautard,Devoxx Greece 2026
george christodoulopoulos,Devoxx Greece 2026
vasilis christopoulos,Devoxx Greece 2026
ian cooper,Devoxx Greece 2026
holly cummins,Devoxx Greece 2026
ron dagdag,Devoxx Greece 2026
dennis doomen,Devoxx Greece 2026
paul dragoonis,Devoxx Greece 2026
kevin dubois,Devoxx Greece 2026
giota eftaxia,Devoxx Greece 2026
konstantinos elemenoglou,Devoxx Greece 2026
michelle frost,Devoxx Greece 2026
mario fusco,Devoxx Greece 2026
viktor gamov,Devoxx Greece 2026
scott gerring,Devoxx Greece 2026
giorgos gkogkolis,Devoxx Greece 2026
wei hu,Devoxx Greece 2026
sandon jacobs,Devoxx Greece 2026
vanessa johnson,Devoxx Greece 2026
giorgos kalfopoulos,Devoxx Greece 2026
dimitris kaklamanis,Devoxx Greece 2026
spyros karavanis,Devoxx Greece 2026
vasilis keleris,Devoxx Greece 2026
michail kollias,Devoxx Greece 2026
alex konig,Devoxx Greece 2026
thanos korakas,Devoxx Greece 2026
antonios kosmas,Devoxx Greece 2026
vasileia kourli,Devoxx Greece 2026
konstantinos koutitsas,Devoxx Greece 2026
dimitris kyriakopoulos,Devoxx Greece 2026
sotiris leventis,Devoxx Greece 2026
ziyang liu,Devoxx Greece 2026
josh long,Devoxx Greece 2026
sotiris lyras,Devoxx Greece 2026
antonis markopoulos,Devoxx Greece 2026
anastasia masadi,Devoxx Greece 2026
konstantina mavrodimitraki,Devoxx Greece 2026
zisis michalaris,Devoxx Greece 2026
jo minney,Devoxx Greece 2026
tobias modig,Devoxx Greece 2026
effie mouzeli,Devoxx Greece 2026
frank munz,Devoxx Greece 2026
ioannis nanas,Devoxx Greece 2026
penelope nastou,Devoxx Greece 2026
elias niaos,Devoxx Greece 2026
alyssa nicoll,Devoxx Greece 2026
tasos nikolaou,Devoxx Greece 2026
giorgos nikolopoulos,Devoxx Greece 2026
karl henrik nilsson,Devoxx Greece 2026
anders noras,Devoxx Greece 2026
michalis papadimitriou,Devoxx Greece 2026
peggy papadopoulou,Devoxx Greece 2026
dimitris papageorgiou,Devoxx Greece 2026
patroklos papapetrou,Devoxx Greece 2026
vadym pinchuk,Devoxx Greece 2026
thomas pliakas,Devoxx Greece 2026
piotr przyby,Devoxx Greece 2026
christos psychogyios,Devoxx Greece 2026
j b rainsberger,Devoxx Greece 2026
daniel raniz raneland,Devoxx Greece 2026
maxim salnikov,Devoxx Greece 2026
marcin samsonowski,Devoxx Greece 2026
cristian schuszter,Devoxx Greece 2026
will sentance,Devoxx Greece 2026
alex shershebnev,Devoxx Greece 2026
sotiris sotiropoulos,Devoxx Greece 2026
kostas stroggylos,Devoxx Greece 2026
pinelopi theodorakakou,Devoxx Greece 2026
virginia diana todea,Devoxx Greece 2026
thomas varsamidis,Devoxx Greece 2026
marit van dijk,Devoxx Greece 2026
jonathan vila,Devoxx Greece 2026
adriana villela,Devoxx Greece 2026
david vonthenen,Devoxx Greece 2026
konstantinos vourloumis,Devoxx Greece 2026
alessandro vozza,Devoxx Greece 2026
christian woerz,Devoxx Greece 2026
gerasimos xydas,Devoxx Greece 2026
alina yurenko,Devoxx Greece 2026
menelaos zetas,Devoxx Greece 2026
ema zyka,Devoxx Greece 2026
ak n kald roglu,Java Day Istanbul 2026
fatih kesgin,Java Day Istanbul 2026
turhal temizer,Java Day Istanbul 2026
lemi orhan ergin,Java Day Istanbul 2026
ahmed enis erkaya,Java Day Istanbul 2026
alper hankendi,Java Day Istanbul 2026
marco belladelli,Java Day Istanbul 2026
dr naci dai,Java Day Istanbul 2026
serkan cavusoglu,Java Day Istanbul 2026
anton arhipov,Java Day Istanbul 2026
haoyi li,Java Day Istanbul 2026
ram lakshmanan,Java Day Istanbul 2026
reza rahman,Java Day Istanbul 2026
mohamed taman,Java Day Istanbul 2026
jonathan vila,Java Day Istanbul 2026
otavio santana,Java Day Istanbul 2026
alexis monville,Java Day Istanbul 2026
rafael del nero,Java Day Istanbul 2026
adam bien,Java Day Istanbul 2026
kenan sevindik,Java Day Istanbul 2026
chandra guntur,Java Day Istanbul 2026
brian vermeer,Java Day Istanbul 2026
yehonathan sharvit,Java Day Istanbul 2026
rustam mehmandarov,Java Day Istanbul 2026
mads opheim,Java Day Istanbul 2026
marc philipp,JCON EUROPE 2026
nupur agarwal,JCON EUROPE 2026
adam bien,JCON EUROPE 2026
bruno souza,JCON EUROPE 2026
baruch sadogursky,JCON EUROPE 2026
sandra ahlgrimm,JCON EUROPE 2026
markus kett,JCON EUROPE 2026
michael simons,JCON EUROPE 2026
emily jiang,JCON EUROPE 2026
eberhard wolff,JCON EUROPE 2026
merlin bogershausen,JCON EUROPE 2026
dominika tasarz,JCON EUROPE 2026
mary grygleski,JCON EUROPE 2026
gerrit grunwald,JCON EUROPE 2026
grace robinson,JCON EUROPE 2026
alina yurenko,JCON EUROPE 2026
frank delporte,JCON EUROPE 2026
steve poole,JCON EUROPE 2026
sharat chander,JCON EUROPE 2026
marit van dijk,JCON EUROPE 2026
markus eisele,JCON EUROPE 2026
bruno borges,JCON EUROPE 2026
kevin wittek,JCON EUROPE 2026
piotr przybyl,JCON EUROPE 2026
jayashree s kumar,JCON EUROPE 2026
sascha mollering,JCON EUROPE 2026
kevin dubois,JCON EUROPE 2026
jonathan vila,JCON EUROPE 2026
brian sam bodden,JCON EUROPE 2026
sven ruppert,JCON EUROPE 2026
florian habermann,JCON EUROPE 2026
christian kuemmel,JCON EUROPE 2026
tim te beek,JCON EUROPE 2026
don bourne,JCON EUROPE 2026
michal broz,JCON EUROPE 2026
mohammad ali a rabi,JCON EUROPE 2026
cristian schuszter,JCON EUROPE 2026
adib saikali,Spring I/O 2026
alex soto,Spring I/O 2026
alexander chatzizacharias,Spring I/O 2026
alina yurenko,Spring I/O 2026
andrea peruffo,Spring I/O 2026
andreas lange,Spring I/O 2026
annegret junker,Spring I/O 2026
anthony dahanne,Spring I/O 2026
anton arhipov,Spring I/O 2026
arnaud jean,Spring I/O 2026
badr nass lahsen,Spring I/O 2026
brian vermeer,Spring I/O 2026
catherine edelveis,Spring I/O 2026
christian beikov,Spring I/O 2026
christian tzolov,Spring I/O 2026
christian woerz,Spring I/O 2026
cornelia davis,Spring I/O 2026
cristian schuszter,Spring I/O 2026
dan dobrin,Spring I/O 2026
dan erez,Spring I/O 2026
daniel garnier moiroux,Spring I/O 2026
dariusz jedrzejczyk,Spring I/O 2026
dave syer,Spring I/O 2026
david caron,Spring I/O 2026
dmitry chuyko,Spring I/O 2026
fabrizio lazzaretti,Spring I/O 2026
frederieke scheper,Spring I/O 2026
gregory green,Spring I/O 2026
ivan saric,Spring I/O 2026
james ward,Spring I/O 2026
jonatan ivanov,Spring I/O 2026
joris kuipers,Spring I/O 2026
josh long,Spring I/O 2026
joshua angolano,Spring I/O 2026
juergen hoeller,Spring I/O 2026
julien topcu,Spring I/O 2026
laurent broudoux,Spring I/O 2026
marcin grzejszczak,Spring I/O 2026
marcus merrell,Spring I/O 2026
mario slatinac,Spring I/O 2026
mark paluch,Spring I/O 2026
mark pollack,Spring I/O 2026
martin ladecky,Spring I/O 2026
matej nedic,Spring I/O 2026
mauricio salatino,Spring I/O 2026
maximilian schellhorn,Spring I/O 2026
merlin bogershausen,Spring I/O 2026
mikhail polivakha,Spring I/O 2026
moritz halbritter,Spring I/O 2026
neven cvetkovic,Spring I/O 2026
oded shopen,Spring I/O 2026
oliver drotbohm,Spring I/O 2026
pasha finkelshteyn,Spring I/O 2026
patrick baumgartner,Spring I/O 2026
paulien van alst,Spring I/O 2026
peter eijgermans,Spring I/O 2026
philip riecks,Spring I/O 2026
ram mohan rao chukka,Spring I/O 2026
raphael de lio,Spring I/O 2026
raquel pau,Spring I/O 2026
ricardo ferreira,Spring I/O 2026
rod johnson,Spring I/O 2026
ronald dehuysser,Spring I/O 2026
rossen stoyanchev,Spring I/O 2026
ruben afonso,Spring I/O 2026
sandra ahlgrimm,Spring I/O 2026
sebastian kuhnau,Spring I/O 2026
sebastien deleuze,Spring I/O 2026
sergei chernov,Spring I/O 2026
shibi ramachandran,Spring I/O 2026
simon martinelli,Spring I/O 2026
siva prasad reddy katamreddy,Spring I/O 2026
thomas pierrain,Spring I/O 2026
thomas schilling,Spring I/O 2026
thomas vitale,Spring I/O 2026
thorben janssen,Spring I/O 2026
tiffany jernigan,Spring I/O 2026
tim te beek,Spring I/O 2026
tim van baarsen,Spring I/O 2026
timo salm,Spring I/O 2026
tommy ludwig,Spring I/O 2026
urs peter,Spring I/O 2026
vadim briliantov,Spring I/O 2026
vadzim prudnikau,Spring I/O 2026
victor rentea,Spring I/O 2026
yuriy bezsonov,Spring I/O 2026
rachel appel,Voxxed Days Amsterdam 2026
anton arhipov,Voxxed Days Amsterdam 2026
manish askani,Voxxed Days Amsterdam 2026
faris aziz,Voxxed Days Amsterdam 2026
patrick baumgartner,Voxxed Days Amsterdam 2026
johannes bechberger,Voxxed Days Amsterdam 2026
django beek,Voxxed Days Amsterdam 2026
marthijs berfelo,Voxxed Days Amsterdam 2026
jan boonen,Voxxed Days Amsterdam 2026
jeroen borgers,Voxxed Days Amsterdam 2026
wilco burggraaf,Voxxed Days Amsterdam 2026
adele carpenter,Voxxed Days Amsterdam 2026
jettro coenradie,Voxxed Days Amsterdam 2026
holly cummins,Voxxed Days Amsterdam 2026
soham dasgupta,Voxxed Days Amsterdam 2026
delicia de jong,Voxxed Days Amsterdam 2026
chris demars,Voxxed Days Amsterdam 2026
ronald dehuysser,Voxxed Days Amsterdam 2026
mark dirksma,Voxxed Days Amsterdam 2026
ramona domen,Voxxed Days Amsterdam 2026
jeroen egelmeers,Voxxed Days Amsterdam 2026
hanno embregts,Voxxed Days Amsterdam 2026
iulia feroli,Voxxed Days Amsterdam 2026
daniel floor,Voxxed Days Amsterdam 2026
annie freeman,Voxxed Days Amsterdam 2026
ashish ghosh,Voxxed Days Amsterdam 2026
eli holderness,Voxxed Days Amsterdam 2026
sander hoogendoorn,Voxxed Days Amsterdam 2026
johan hutting,Voxxed Days Amsterdam 2026
bram janssens,Voxxed Days Amsterdam 2026
jens kat,Voxxed Days Amsterdam 2026
soroosh khodami,Voxxed Days Amsterdam 2026
mario klaver,Voxxed Days Amsterdam 2026
michael koers,Voxxed Days Amsterdam 2026
sophie kuster,Voxxed Days Amsterdam 2026
aicha laafia,Voxxed Days Amsterdam 2026
julien lengrand lambert,Voxxed Days Amsterdam 2026
haoyi li,Voxxed Days Amsterdam 2026
josh long,Voxxed Days Amsterdam 2026
sohan maheshwar,Voxxed Days Amsterdam 2026
artem makarov,Voxxed Days Amsterdam 2026
adam michalik,Voxxed Days Amsterdam 2026
ana maria mihalceanu,Voxxed Days Amsterdam 2026
jacopo nardiello,Voxxed Days Amsterdam 2026
bouke nijhuis,Voxxed Days Amsterdam 2026
anders noras,Voxxed Days Amsterdam 2026
saman nourkhalaj,Voxxed Days Amsterdam 2026
ines panker,Voxxed Days Amsterdam 2026
pratik patel,Voxxed Days Amsterdam 2026
urs peter,Voxxed Days Amsterdam 2026
susanne pieterse,Voxxed Days Amsterdam 2026
janne ploeger,Voxxed Days Amsterdam 2026
piotr przyby,Voxxed Days Amsterdam 2026
lize raes,Voxxed Days Amsterdam 2026
daniel raniz raneland,Voxxed Days Amsterdam 2026
sri rang,Voxxed Days Amsterdam 2026
balkrishna rawool,Voxxed Days Amsterdam 2026
victor rentea,Voxxed Days Amsterdam 2026
simon ritter,Voxxed Days Amsterdam 2026
gunter rotsaert,Voxxed Days Amsterdam 2026
jos rutten,Voxxed Days Amsterdam 2026
baruch sadogursky,Voxxed Days Amsterdam 2026
evelien schellekens,Voxxed Days Amsterdam 2026
bert jan schrijver,Voxxed Days Amsterdam 2026
michel schudel,Voxxed Days Amsterdam 2026
alejandro serrano mena,Voxxed Days Amsterdam 2026
remco siemonsma,Voxxed Days Amsterdam 2026
peter smink,Voxxed Days Amsterdam 2026
daniel spee,Voxxed Days Amsterdam 2026
venkat subramaniam,Voxxed Days Amsterdam 2026
max sumrall,Voxxed Days Amsterdam 2026
daniele tonella,Voxxed Days Amsterdam 2026
ko turk,Voxxed Days Amsterdam 2026
christian tzolov,Voxxed Days Amsterdam 2026
victor uria valle,Voxxed Days Amsterdam 2026
brian vermeer,Voxxed Days Amsterdam 2026
james ward,Voxxed Days Amsterdam 2026
alina yurenko,Voxxed Days Amsterdam 2026
simone de gijt,Voxxed Days Amsterdam 2026
lutske de leeuw,Voxxed Days Amsterdam 2026
paulien van alst,Voxxed Days Amsterdam 2026
marit van dijk,Voxxed Days Amsterdam 2026
edo van draanen,Voxxed Days Amsterdam 2026
boyen van gorp,Voxxed Days Amsterdam 2026
martijn van iersel,Voxxed Days Amsterdam 2026
marco van veldhuizen,Voxxed Days Amsterdam 2026
linda van der pal,Voxxed Days Amsterdam 2026
sander hoogendoorn,Voxxed Days Bucharest 2026
victor rentea,Voxxed Days Bucharest 2026
ana maria mihalceanu,Voxxed Days Bucharest 2026
brian vermeer,Voxxed Days Bucharest 2026
magda miu,Voxxed Days Bucharest 2026
loic magnette,Voxxed Days Bucharest 2026
julien topcu,Voxxed Days Bucharest 2026
marit van dijk,Voxxed Days Bucharest 2026
piotr przyby,Voxxed Days Bucharest 2026
abdel sghiouar,Voxxed Days Bucharest 2026
roberto cortez,Voxxed Days Bucharest 2026
victor botan,Voxxed Days Bucharest 2026
george patrascu,Voxxed Days Bucharest 2026
bianca bulbuc,Voxxed Days Bucharest 2026
andrei mihai,Voxxed Days Bucharest 2026
alexander chatzizacharias,Voxxed Days Bucharest 2026
alin miu,Voxxed Days Bucharest 2026
stephan janssen,Voxxed Days Bucharest 2026
sandeep adinarayana,Devnexus 2026
jose r almonte c,Devnexus 2026
anton arhipov,Devnexus 2026
malavika balamurali,Devnexus 2026
ryan baxter,Devnexus 2026
brian benz,Devnexus 2026
rohit bhardwaj,Devnexus 2026
hazel bohon,Devnexus 2026
chris bono,Devnexus 2026
jeanne boyarsky,Devnexus 2026
barry burd,Devnexus 2026
jorge cajas,Devnexus 2026
dashaun carter,Devnexus 2026
john ceccarelli,Devnexus 2026
medha chakraborty,Devnexus 2026
yee kang chang,Devnexus 2026
stephen chin,Devnexus 2026
cedric clyburn,Devnexus 2026
chris corriere,Devnexus 2026
john coyne,Devnexus 2026
christopher curtin,Devnexus 2026
anitha dakamarri,Devnexus 2026
raphael de lio,Devnexus 2026
sam dengler,Devnexus 2026
srijani dey,Devnexus 2026
stefano doni,Devnexus 2026
markus eisele,Devnexus 2026
jonathan ellis,Devnexus 2026
pasha finkelshteyn,Devnexus 2026
cody frenzel,Devnexus 2026
shriyu gaglani,Devnexus 2026
viktor gamov,Devnexus 2026
raju gandhi,Devnexus 2026
jon gentsch,Devnexus 2026
spencer gibb,Devnexus 2026
karthik govardhanan,Devnexus 2026
rodrigo graciano,Devnexus 2026
jonathon graf,Devnexus 2026
joe grandja,Devnexus 2026
frank greco,Devnexus 2026
leigh griffin,Devnexus 2026
ivar grimstad,Devnexus 2026
gerrit grunwald,Devnexus 2026
freddy guime,Devnexus 2026
chandra guntur,Devnexus 2026
ayan gupta,Devnexus 2026
emmanuel guzman,Devnexus 2026
mo haghighi,Devnexus 2026
emily harden,Devnexus 2026
douglas hawkins,Devnexus 2026
daniel hinojosa,Devnexus 2026
cora iberkleid,Devnexus 2026
leonid igolnik,Devnexus 2026
jonatan ivanov,Devnexus 2026
emily jiang,Devnexus 2026
nerando johnson,Devnexus 2026
rod johnson,Devnexus 2026
tim kelly,Devnexus 2026
billy korando,Devnexus 2026
kenneth kousen,Devnexus 2026
josh kurz,Devnexus 2026
olena kutsenko,Devnexus 2026
gant laborde,Devnexus 2026
laurie lay,Devnexus 2026
theo lebrun,Devnexus 2026
josh long,Devnexus 2026
luis majano,Devnexus 2026
simon maple,Devnexus 2026
aaron mcclennen,Devnexus 2026
sean mcnealy,Devnexus 2026
rustam mehmandarov,Devnexus 2026
jeremy meiss,Devnexus 2026
ricardo mello,Devnexus 2026
brayan munoz v,Devnexus 2026
daniel oh,Devnexus 2026
sibasis padhi,Devnexus 2026
prasanth kumar pari,Devnexus 2026
david parry,Devnexus 2026
sujith paul,Devnexus 2026
mark pollack,Devnexus 2026
niranjan prithviraj,Devnexus 2026
luiz real,Devnexus 2026
jennifer reif,Devnexus 2026
glenn renfro,Devnexus 2026
simon ritter,Devnexus 2026
alex riviere,Devnexus 2026
martin rojas,Devnexus 2026
baruch sadogursky,Devnexus 2026
adib saikali,Devnexus 2026
brian sam bodden,Devnexus 2026
erin schnabel,Devnexus 2026
nathaniel schutta,Devnexus 2026
vinicius senger,Devnexus 2026
alex soto,Devnexus 2026
bruno souza,Devnexus 2026
tim sparg,Devnexus 2026
zoe steinkamp,Devnexus 2026
chris sterling,Devnexus 2026
kevin strohmeyer,Devnexus 2026
venkat subramaniam,Devnexus 2026
anders swanson,Devnexus 2026
ko turk,Devnexus 2026
brandon tylke,Devnexus 2026
heather vancura,Devnexus 2026
dan vega,Devnexus 2026
brian vermeer,Devnexus 2026
david vlijmincx,Devnexus 2026
jonathan vogel,Devnexus 2026
james ward,Devnexus 2026
phil webb,Devnexus 2026
rob winch,Devnexus 2026
brad wood,Devnexus 2026
ted m young,Devnexus 2026
ho jong yu,Devnexus 2026
daneez zamangil,Devnexus 2026
tim te beek,Devnexus 2026
richard fichtner,Digital Crafts Day 2026
robert eichenseer,Digital Crafts Day 2026
johannes rabauer,Digital Crafts Day 2026
christoph menzel,Digital Crafts Day 2026
marco emrich,Digital Crafts Day 2026
sven eiter,Digital Crafts Day 2026
stefan mintert,Digital Crafts Day 2026
viktor rechel,Digital Crafts Day 2026
thomas lemberger,Digital Crafts Day 2026
sebastian hempel,Digital Crafts Day 2026
janek fellien,Digital Crafts Day 2026
johannes dienst,Digital Crafts Day 2026
gregor biswanger,Digital Crafts Day 2026
marcus fihlon,JavaLand 2026
gerd aschemann,JavaLand 2026
tobias frech,JavaLand 2026
dominik galler,JavaLand 2026
bram janssens,JavaLand 2026
silvia schreier,JavaLand 2026
julian herzog,JavaLand 2026
benedikt loup,JavaLand 2026
willem jan glerum,JavaLand 2026
marc philipp,JavaLand 2026
thorsten wussow,JavaLand 2026
sinan yildirim,JavaLand 2026
fried saacke,JavaLand 2026
dr venkat subramaniam,JavaLand 2026
milena fluck,JavaLand 2026
andy schmidt,JavaLand 2026
katrin rabow,JavaLand 2026
nabil abdel hafeez,JavaLand 2026
michal harakal,JavaLand 2026
alexander von below,JavaLand 2026
falk sippach,JavaLand 2026
marvin rensing,JavaLand 2026
felix tensing,JavaLand 2026
dr oliver kopp,JavaLand 2026
giulia maier,JavaLand 2026
michael landreh,JavaLand 2026
lena tangelder,JavaLand 2026
dr felix kammerlander,JavaLand 2026
stefan nachtrab,JavaLand 2026
luis majano,JavaLand 2026
emil pawlowski,JavaLand 2026
arno scholz,JavaLand 2026
fedor zholud,JavaLand 2026
johannes bechberger,JavaLand 2026
sven woltmann,JavaLand 2026
clemens hubner,JavaLand 2026
fin labusch,JavaLand 2026
thomas ruhroth,JavaLand 2026
holger jansen,JavaLand 2026
carmen delgado,JavaLand 2026
nicolai parlog,JavaLand 2026
olena kutsenko,JavaLand 2026
dennis schladebeck,JavaLand 2026
alexander eimer,JavaLand 2026
niko kobler,JavaLand 2026
bouke nijhuis,JavaLand 2026
ivar grimstad,JavaLand 2026
patrick baumgartner,JavaLand 2026
hanno embregts,JavaLand 2026
dan denich,JavaLand 2026
edward jacob fakhouri,JavaLand 2026
rainald menge sonnentag,JavaLand 2026
daniel vergien,JavaLand 2026
bernhard lowenstein,JavaLand 2026
ionida lowenstein,JavaLand 2026
ole koring,JavaLand 2026
sophie kuster,JavaLand 2026
joern karthaus,JavaLand 2026
frederik pietzko,JavaLand 2026
markus zimmermann,JavaLand 2026
ingo eichhorst,JavaLand 2026
michael vitz,JavaLand 2026
dr jens bendisposto,JavaLand 2026
marco emrich,JavaLand 2026
gregor trefs,JavaLand 2026
sebastian rose,JavaLand 2026
ferdinand ade,JavaLand 2026
jochen mader,JavaLand 2026
michaela schrotel,JavaLand 2026
karsten voges,JavaLand 2026
christoph gerlach,JavaLand 2026
christian fritz,JavaLand 2026
matthias haeussler,JavaLand 2026
daniel kocot,JavaLand 2026
dr miriam greis,JavaLand 2026
nils hartmann,JavaLand 2026
tim schade,JavaLand 2026
lisa rosenberg,JavaLand 2026
merlin bogershausen,JavaLand 2026
leonora der,JavaLand 2026
sina orth,JavaLand 2026
marc hoffmann,JavaLand 2026
marit van dijk,JavaLand 2026
andres almiray,JavaLand 2026
francois martin,JavaLand 2026
ixchel ruiz,JavaLand 2026
richard gross,JavaLand 2026
guus de wit,JavaLand 2026
andrej lustin,JavaLand 2026
nikolai neugebauer,JavaLand 2026
frank scheffler,JavaLand 2026
loic magnette,JavaLand 2026
thomas much,JavaLand 2026
nikolas hermann,JavaLand 2026
wolfgang schell,JavaLand 2026
benjamin wolf,JavaLand 2026
thorben janssen,JavaLand 2026
altug bilgin altintas,JavaLand 2026
frederieke scheper,JavaLand 2026
laurens van der kooi,JavaLand 2026
lukas ladenberger,JavaLand 2026
carsten lill,JavaLand 2026
markus harrer,JavaLand 2026
martin toshev,JavaLand 2026
prof dr cay horstmann,JavaLand 2026
sascha selzer,JavaLand 2026
marcel bagemihl,JavaLand 2026
christofer dutz,JavaLand 2026
matthias bunger,JavaLand 2026
daniel rosowski,JavaLand 2026
tom asel,JavaLand 2026
dr jendrik johannes,JavaLand 2026
andreas monschau,JavaLand 2026
ingo duppe,JavaLand 2026
bruno borges,JavaLand 2026
dr mihaela gheorghe roman,JavaLand 2026
josh long,JavaLand 2026
martijn dashorst,JavaLand 2026
joshua topfer,JavaLand 2026
frederik wystup,JavaLand 2026
andreas voigt,JavaLand 2026
akihiro nishikawa,JavaLand 2026
lukas pradel,JavaLand 2026
marta blaszczyk,JavaLand 2026
marco klaassen,JavaLand 2026
sebastian sprenger,JavaLand 2026
felix seidel,JavaLand 2026
tamara josten,JavaLand 2026
christoph eifert,JavaLand 2026
carsten czeczine,JavaLand 2026
prof dr olaf herden,JavaLand 2026
julius mischok,JavaLand 2026
miroslav wengner,JavaLand 2026
christian kaiser,JavaLand 2026
maarten mulders,JavaLand 2026
benjamin marwell,JavaLand 2026
melanie andrisek,JavaLand 2026
felix medam,JavaLand 2026
wolfgang weigend,JavaLand 2026
christian heilmann,JavaLand 2026
dominika tasarz sochacka,JavaLand 2026
artun subasi,JavaLand 2026
christian seifert,JavaLand 2026
sascha bohme,JavaLand 2026
jan knoblich,JavaLand 2026
edwin gunthner,JavaLand 2026
andreas jurgensen,JavaLand 2026
benedikt werner,JavaLand 2026
marius hanl,JavaLand 2026
florian sommer,JavaLand 2026
moritz tiedje,JavaLand 2026
david burkhart,JavaLand 2026
marcus norder tuitje,JavaLand 2026
ed burns,JavaLand 2026
oliver manz,JavaLand 2026
marcus held,JavaLand 2026
julia pedak,JavaLand 2026
thomas krieger,JavaLand 2026
sven muller,JavaLand 2026
christoph iserlohn,JavaLand 2026
rustam mehmandarov,JavaLand 2026
dagmar de haan,JavaLand 2026
dr stefan schlott,JavaLand 2026
prof dr johannes schildgen,JavaLand 2026
jan jurjens,JavaLand 2026
dr annegret junker,JavaLand 2026
